user_id,task_order_str,user_group,created_time
Participant-146,test-388|test-859|test-497|test-675|test-149|test-200,AP-AE,2024-08-21 08:41:39.121
Participant-215,test-149|test-200|test-388|test-675|test-497|test-859,AP-AE,2024-08-21 08:48:30.800
Participant-39,test-149|test-388|test-200|test-675|test-497|test-859,AP-AE,2024-08-21 08:48:58.095
Participant-149,test-497|test-388|test-859|test-675|test-200|test-149,AP-AE,2024-08-21 08:58:39.561
Participant-160,test-388|test-200|test-859|test-675|test-497|test-149,AP-AE,2024-08-21 09:10:51.482
Participant-184,test-200|test-149|test-675|test-497|test-859|test-388,AP-AE,2024-08-21 09:13:23.948
Participant-218,test-497|test-388|test-675|test-859|test-200|test-149,AP-AE,2024-08-21 09:39:47.212
Participant-219,test-200|test-675|test-149|test-388|test-497|test-859,AP-AE,2024-08-21 09:47:35.332
Participant-18,test-388|test-200|test-497|test-149|test-675|test-859,AP-AE,2024-08-21 10:11:03.252
Participant-90,test-675|test-859|test-497|test-149|test-388|test-200,AP-AE,2024-08-21 10:18:43.835
Participant-29,test-149|test-497|test-859|test-675|test-388|test-200,AP-AE,2024-08-21 10:22:49.835
Participant-145,test-149|test-675|test-388|test-497|test-200|test-859,AP-AE,2024-08-21 10:27:48.342
Participant-100,test-675|test-388|test-859|test-200|test-497|test-149,AP-AE,2024-08-21 10:43:26.852
Participant-14,test-497|test-675|test-859|test-200|test-388|test-149,AP-AE,2024-08-21 10:47:19.990
Participant-58,test-859|test-675|test-200|test-149|test-388|test-497,AP-AE,2024-08-21 11:03:24.031
Participant-69,test-675|test-149|test-859|test-388|test-200|test-497,AP-AE,2024-08-21 11:06:07.763
Participant-91,test-388|test-675|test-149|test-497|test-859|test-200,AP-AE,2024-08-21 11:31:21.529
Participant-10,test-859|test-149|test-497|test-388|test-200|test-675,AP-AE,2024-08-21 11:41:31.289
Participant-98,test-497|test-388|test-675|test-149|test-200|test-859,AP-AE,2024-08-21 11:44:01.847
Participant-203,test-859|test-497|test-200|test-675|test-388|test-149,AP-AE,2024-08-21 11:55:35.876
Participant-30,test-200|test-675|test-859|test-149|test-497|test-388,AP-AE,2024-08-21 11:59:10.630
Participant-28,test-859|test-200|test-675|test-497|test-149|test-388,AP-AE,2024-08-21 12:02:50.708
Participant-107,test-149|test-200|test-497|test-675|test-388|test-859,AP-AE,2024-08-21 12:21:05.092
Participant-6,test-200|test-388|test-149|test-497|test-859|test-675,AP-AE,2024-08-21 12:55:15.058
Participant-229,test-388|test-675|test-149|test-859|test-200|test-497,AP-AE,2024-08-21 13:35:49.961
Participant-241,test-200|test-149|test-675|test-388|test-497|test-859,AP-AE,2024-08-21 13:26:38.786
Participant-86,test-859|test-497|test-200|test-388|test-149|test-675,AP-AE,2024-08-21 13:48:04.969
Participant-144,test-200|test-859|test-149|test-497|test-675|test-388,AP-AE,2024-08-21 14:25:43.877
Participant-222,test-675|test-497|test-388|test-200|test-859|test-149,AP-AE,2024-08-21 14:26:45.257
Participant-112,test-497|test-675|test-200|test-388|test-859|test-149,AP-AE,2024-08-21 14:56:28.150
Participant-188,test-149|test-497|test-388|test-859|test-675|test-200,AP-AE,2024-08-21 15:08:08.743
Participant-138,test-859|test-149|test-675|test-388|test-497|test-200,AP-AE,2024-08-21 16:30:48.262
Participant-165,test-149|test-497|test-388|test-200|test-675|test-859,AP-AE,2024-08-21 16:31:07.079
Participant-147,test-497|test-149|test-675|test-200|test-859|test-388,AP-AE,2024-08-21 16:31:12.934
Participant-137,test-497|test-675|test-200|test-388|test-859|test-149,AP-AE,2024-08-21 16:32:46.143
Participant-224,test-149|test-675|test-497|test-859|test-388|test-200,AP-AE,2024-08-21 16:32:55.285
Participant-34,test-200|test-388|test-859|test-149|test-675|test-497,AP-AE,2024-08-21 16:49:27.579
Participant-88,test-675|test-497|test-388|test-200|test-859|test-149,AP-AE,2024-08-21 16:59:03.582
Participant-89,test-859|test-675|test-200|test-149|test-497|test-388,AP-AE,2024-08-21 17:13:37.189
Participant-95,test-149|test-497|test-859|test-388|test-675|test-200,AP-AE,2024-08-21 17:17:50.499
Participant-217,test-200|test-859|test-149|test-497|test-675|test-388,AP-AE,2024-08-21 17:18:33.173
Participant-204,test-200|test-149|test-675|test-388|test-497|test-859,AP-AE,2024-08-21 17:19:49.137
Participant-99,test-149|test-859|test-388|test-497|test-675|test-200,AP-AE,2024-08-21 17:25:00.647
Participant-182,test-675|test-200|test-149|test-859|test-497|test-388,AP-AE,2024-08-21 17:38:48.633
Participant-114,test-149|test-497|test-388|test-675|test-200|test-859,AP-AE,2024-08-21 17:43:26.589
Participant-202,test-497|test-859|test-200|test-388|test-149|test-675,AP-AE,2024-08-21 17:47:16.027
Participant-38,test-675|test-388|test-859|test-200|test-149|test-497,AP-AE,2024-08-21 17:52:21.556
Participant-205,test-388|test-149|test-497|test-859|test-200|test-675,AP-AE,2024-08-21 17:59:03.478
Participant-199,test-497|test-149|test-859|test-675|test-200|test-388,AP-AE,2024-08-21 18:03:03.717
Participant-189,test-497|test-675|test-200|test-149|test-859|test-388,AP-AE,2024-08-21 17:54:18.717
Participant-127,test-859|test-200|test-675|test-149|test-388|test-497,AP-AE,2024-08-21 18:19:10.914
Participant-70,test-149|test-388|test-200|test-859|test-497|test-675,AP-AE,2024-08-21 18:19:54.437
Participant-193,test-200|test-859|test-149|test-675|test-497|test-388,AP-AE,2024-08-21 18:22:14.429
Participant-102,test-497|test-200|test-149|test-675|test-859|test-388,AP-AE,2024-08-21 18:30:27.532
Participant-157,test-859|test-149|test-675|test-497|test-200|test-388,AP-AE,2024-08-21 18:34:41.792
Participant-40,test-200|test-497|test-675|test-859|test-149|test-388,AP-AE,2024-08-21 18:52:34.117
Participant-46,test-200|test-675|test-149|test-388|test-497|test-859,AP-AE,2024-08-21 18:58:04.844
Participant-85,test-149|test-200|test-497|test-388|test-859|test-675,AP-AE,2024-08-21 19:08:50.899
Participant-8,test-388|test-200|test-149|test-675|test-497|test-859,AP-AE,2024-08-21 19:13:45.877
Participant-225,test-675|test-200|test-859|test-388|test-497|test-149,AP-AE,2024-08-21 19:48:29.032
Participant-79,test-200|test-497|test-859|test-388|test-149|test-675,AP-UE,2024-08-21 20:51:51.423
Participant-17,test-675|test-859|test-497|test-388|test-149|test-200,AP-UE,2024-08-21 20:52:39.830
Participant-158,test-200|test-149|test-388|test-859|test-675|test-497,AP-AE,2024-08-21 18:57:33.421
Participant-5,test-497|test-859|test-675|test-149|test-200|test-388,AP-AE,2024-08-21 19:13:40.485
Participant-26,test-149|test-675|test-497|test-200|test-859|test-388,AP-AE,2024-08-21 20:18:15.075
Participant-103,test-859|test-149|test-200|test-497|test-675|test-388,AP-UE,2024-08-21 20:57:02.206
Participant-52,test-675|test-388|test-497|test-200|test-149|test-859,AP-UE,2024-08-21 21:01:08.527
Participant-21,test-149|test-497|test-388|test-200|test-859|test-675,AP-UE,2024-08-21 21:04:15.411
Participant-78,test-497|test-149|test-675|test-859|test-200|test-388,AP-UE,2024-08-21 21:07:21.060
Participant-198,test-497|test-149|test-859|test-200|test-388|test-675,AP-UE,2024-08-21 21:39:38.040
Participant-94,test-859|test-200|test-388|test-149|test-675|test-497,AP-UE,2024-08-21 21:42:33.819
Participant-132,test-200|test-149|test-388|test-675|test-859|test-497,AP-UE,2024-08-21 21:44:55.106
Participant-3,test-200|test-497|test-388|test-149|test-859|test-675,AP-UE,2024-08-21 21:57:53.051
Participant-11,test-497|test-859|test-149|test-388|test-675|test-200,AP-UE,2024-08-21 21:58:14.882
Participant-212,test-149|test-497|test-388|test-675|test-859|test-200,AP-UE,2024-08-21 22:01:08.895
Participant-15,test-497|test-675|test-149|test-200|test-859|test-388,AP-UE,2024-08-21 22:05:25.722
Participant-72,test-388|test-675|test-200|test-497|test-149|test-859,AP-UE,2024-08-21 22:11:50.457
Participant-54,test-149|test-388|test-859|test-200|test-497|test-675,AP-UE,2024-08-21 22:36:33.702
Participant-177,test-497|test-675|test-149|test-388|test-200|test-859,AP-UE,2024-08-21 22:45:02.858
Participant-143,test-859|test-497|test-675|test-149|test-388|test-200,AP-UE,2024-08-21 22:58:27.471
Participant-206,test-149|test-497|test-200|test-675|test-859|test-388,AP-UE,2024-08-21 23:05:25.927
Participant-125,test-675|test-388|test-859|test-200|test-497|test-149,AP-UE,2024-08-21 23:06:51.348
Participant-223,test-859|test-200|test-149|test-388|test-497|test-675,AP-UE,2024-08-21 23:27:56.890
Participant-134,test-675|test-149|test-859|test-388|test-497|test-200,AP-UE,2024-08-21 23:36:13.564
Participant-128,test-200|test-388|test-149|test-859|test-675|test-497,AP-UE,2024-08-21 23:48:29.201
Participant-118,test-497|test-675|test-859|test-149|test-200|test-388,AP-UE,2024-08-21 23:54:26.179
Participant-13,test-859|test-497|test-200|test-675|test-388|test-149,AP-UE,2024-08-21 23:55:11.046
Participant-117,test-388|test-149|test-497|test-675|test-200|test-859,AP-UE,2024-08-21 23:59:12.042
Participant-121,test-859|test-497|test-149|test-675|test-388|test-200,AP-UE,2024-08-22 00:15:40.602
Participant-60,test-675|test-200|test-149|test-497|test-859|test-388,AP-UE,2024-08-22 00:24:56.508
Participant-233,test-497|test-388|test-675|test-859|test-149|test-200,AP-UE,2024-08-22 00:28:19.004
Participant-115,test-149|test-675|test-497|test-859|test-388|test-200,AP-UE,2024-08-22 00:31:28.955
Participant-36,test-388|test-497|test-149|test-675|test-859|test-200,AP-UE,2024-08-22 00:35:59.897
Participant-166,test-200|test-497|test-859|test-149|test-675|test-388,AP-UE,2024-08-22 00:54:34.247
Participant-151,test-497|test-675|test-149|test-388|test-200|test-859,AP-UE,2024-08-22 00:57:09.155
Participant-51,test-200|test-149|test-859|test-388|test-497|test-675,AP-UE,2024-08-22 01:00:41.014
Participant-140,test-675|test-388|test-859|test-149|test-200|test-497,AP-UE,2024-08-22 00:45:49.766
Participant-12,test-388|test-859|test-497|test-149|test-200|test-675,AP-UE,2024-08-22 01:01:24.771
Participant-207,test-200|test-859|test-675|test-149|test-388|test-497,AP-UE,2024-08-22 01:18:07.407
Participant-195,test-497|test-675|test-200|test-388|test-149|test-859,AP-UE,2024-08-22 01:37:28.940
Participant-191,test-859|test-200|test-675|test-388|test-149|test-497,AP-UE,2024-08-22 01:44:28.762
Participant-106,test-149|test-388|test-675|test-497|test-859|test-200,AP-UE,2024-08-22 01:48:02.164
Participant-196,test-675|test-497|test-200|test-859|test-388|test-149,AP-UE,2024-08-22 02:02:14.966
Participant-170,test-497|test-200|test-859|test-675|test-149|test-388,AP-UE,2024-08-22 02:13:42.412
Participant-63,test-149|test-200|test-388|test-497|test-859|test-675,AP-UE,2024-08-22 02:19:03.690
Participant-75,test-859|test-200|test-675|test-388|test-149|test-497,AP-UE,2024-08-22 08:27:19.366
Participant-187,test-497|test-149|test-675|test-859|test-388|test-200,AP-UE,2024-08-22 02:27:51.983
Participant-7,test-675|test-497|test-859|test-200|test-388|test-149,AP-UE,2024-08-22 02:13:29.981
Participant-126,test-859|test-200|test-675|test-149|test-388|test-497,AP-UE,2024-08-22 02:16:35.869
Participant-208,test-859|test-675|test-200|test-149|test-497|test-388,AP-UE,2024-08-22 02:35:15.988
Participant-164,test-675|test-497|test-149|test-388|test-200|test-859,AP-UE,2024-08-22 02:50:28.759
Participant-32,test-388|test-200|test-149|test-675|test-497|test-859,AP-UE,2024-08-22 06:24:01.637
Participant-175,test-200|test-675|test-388|test-859|test-149|test-497,AP-UE,2024-08-22 06:24:14.933
Participant-194,test-497|test-149|test-388|test-859|test-200|test-675,AP-UE,2024-08-22 06:25:03.477
Participant-73,test-149|test-497|test-388|test-675|test-200|test-859,AP-UE,2024-08-22 06:25:28.907
Participant-246,test-859|test-388|test-149|test-200|test-675|test-497,AP-UE,2024-08-22 06:34:44.097
Participant-57,test-388|test-497|test-200|test-149|test-675|test-859,AP-UE,2024-08-22 07:29:40.469
Participant-171,test-149|test-497|test-859|test-388|test-675|test-200,AP-UE,2024-08-22 07:31:06.103
Participant-192,test-200|test-149|test-388|test-497|test-859|test-675,AP-UE,2024-08-22 07:32:49.648
Participant-49,test-497|test-200|test-859|test-388|test-149|test-675,AP-UE,2024-08-22 07:54:47.757
Participant-167,test-675|test-859|test-149|test-388|test-497|test-200,AP-UE,2024-08-22 08:00:46.751
Participant-133,test-149|test-675|test-200|test-497|test-388|test-859,AP-UE,2024-08-22 08:44:17.897
Participant-247,test-675|test-859|test-200|test-497|test-149|test-388,AP-UE,2024-08-22 08:43:48.198
Participant-231,test-675|test-497|test-200|test-388|test-859|test-149,UP-AE,2024-08-22 09:35:53.448
Participant-96,test-149|test-859|test-675|test-388|test-497|test-200,AP-UE,2024-08-22 08:07:32.355
Participant-197,test-388|test-149|test-497|test-675|test-200|test-859,AP-UE,2024-08-22 08:09:55.979
Participant-82,test-675|test-497|test-149|test-388|test-200|test-859,AP-UE,2024-08-22 08:27:50.443
Participant-74,test-675|test-149|test-200|test-497|test-859|test-388,AP-UE,2024-08-22 08:28:29.306
Participant-230,test-497|test-149|test-388|test-675|test-200|test-859,UP-AE,2024-08-22 09:35:29.601
Participant-104,test-497|test-149|test-388|test-859|test-675|test-200,UP-AE,2024-08-22 09:49:11.584
Participant-19,test-497|test-200|test-388|test-675|test-149|test-859,UP-AE,2024-08-22 10:04:00.807
Participant-141,test-388|test-497|test-675|test-859|test-149|test-200,UP-AE,2024-08-22 10:12:44.935
Participant-105,test-859|test-149|test-388|test-675|test-200|test-497,UP-AE,2024-08-22 10:16:24.208
Participant-31,test-675|test-859|test-388|test-200|test-149|test-497,UP-AE,2024-08-22 10:25:28.466
Participant-213,test-200|test-149|test-675|test-388|test-859|test-497,UP-AE,2024-08-22 10:41:22.596
Participant-209,test-149|test-675|test-388|test-200|test-859|test-497,UP-AE,2024-08-22 10:53:12.817
Participant-152,test-859|test-675|test-200|test-497|test-149|test-388,UP-AE,2024-08-22 10:58:20.549
Participant-159,test-497|test-859|test-200|test-149|test-675|test-388,UP-AE,2024-08-22 11:15:10.213
Participant-227,test-859|test-149|test-388|test-675|test-497|test-200,UP-AE,2024-08-22 11:25:46.216
Participant-47,test-200|test-859|test-388|test-675|test-149|test-497,UP-AE,2024-08-22 11:36:23.767
Participant-33,test-200|test-388|test-497|test-859|test-675|test-149,UP-AE,2024-08-22 11:43:20.448
Participant-22,test-497|test-859|test-388|test-675|test-200|test-149,UP-AE,2024-08-22 11:43:29.754
Participant-214,test-497|test-200|test-388|test-859|test-675|test-149,UP-AE,2024-08-22 11:55:58.894
Participant-178,test-388|test-200|test-497|test-149|test-859|test-675,UP-AE,2024-08-22 12:09:10.503
Participant-221,test-388|test-675|test-859|test-497|test-200|test-149,UP-AE,2024-08-22 12:38:39.166
Participant-135,test-675|test-497|test-149|test-388|test-200|test-859,UP-AE,2024-08-22 12:46:54.362
Participant-228,test-200|test-149|test-497|test-859|test-675|test-388,UP-AE,2024-08-22 12:53:39.452
Participant-27,test-675|test-859|test-149|test-497|test-388|test-200,UP-AE,2024-08-22 13:10:14.237
Participant-61,test-859|test-497|test-388|test-200|test-675|test-149,UP-AE,2024-08-22 13:11:40.420
Participant-64,test-859|test-388|test-675|test-200|test-497|test-149,UP-AE,2024-08-22 13:46:23.503
Participant-235,test-388|test-675|test-200|test-497|test-149|test-859,UP-AE,2024-08-22 13:53:52.903
Participant-110,test-497|test-859|test-388|test-675|test-149|test-200,UP-AE,2024-08-22 13:39:20.220
Participant-76,test-149|test-675|test-388|test-859|test-497|test-200,UP-AE,2024-08-22 13:50:23.335
Participant-179,test-388|test-859|test-675|test-149|test-497|test-200,UP-AE,2024-08-22 14:03:35.092
Participant-248,test-200|test-675|test-497|test-859|test-388|test-149,UP-AE,2024-08-22 14:15:01.422
Participant-25,test-497|test-149|test-388|test-675|test-200|test-859,UP-AE,2024-08-22 15:02:29.148
Participant-150,test-200|test-497|test-149|test-388|test-675|test-859,UP-AE,2024-08-22 15:34:39.969
Participant-168,test-388|test-859|test-149|test-675|test-200|test-497,UP-AE,2024-08-22 14:53:05.722
Participant-139,test-149|test-200|test-675|test-497|test-859|test-388,UP-AE,2024-08-22 15:07:17.105
Participant-176,test-149|test-675|test-388|test-497|test-859|test-200,UP-AE,2024-08-22 15:01:12.902
Participant-48,test-200|test-149|test-675|test-859|test-388|test-497,UP-AE,2024-08-22 15:29:53.325
Participant-200,test-675|test-388|test-200|test-859|test-497|test-149,UP-AE,2024-08-22 15:37:05.180
Participant-122,test-149|test-859|test-388|test-497|test-675|test-200,UP-AE,2024-08-22 15:50:23.415
Participant-169,test-497|test-388|test-200|test-675|test-859|test-149,UP-AE,2024-08-22 16:04:22.834
Participant-129,test-200|test-388|test-859|test-149|test-497|test-675,UP-AE,2024-08-22 16:13:39.749
Participant-44,test-388|test-675|test-859|test-200|test-497|test-149,UP-AE,2024-08-22 16:21:39.161
Participant-185,test-200|test-388|test-859|test-497|test-149|test-675,UP-AE,2024-08-22 16:36:21.536
Participant-87,test-149|test-200|test-388|test-859|test-497|test-675,UP-AE,2024-08-22 16:47:30.468
Participant-174,test-675|test-388|test-200|test-859|test-497|test-149,UP-AE,2024-08-22 17:03:39.824
Participant-71,test-388|test-859|test-200|test-675|test-497|test-149,UP-AE,2024-08-22 19:08:29.929
Participant-131,test-675|test-149|test-200|test-859|test-388|test-497,UP-AE,2024-08-22 16:58:18.815
Participant-123,test-200|test-388|test-859|test-497|test-149|test-675,UP-AE,2024-08-22 16:39:57.621
Participant-16,test-149|test-497|test-859|test-675|test-200|test-388,UP-AE,2024-08-22 18:04:38.845
Participant-65,test-859|test-149|test-388|test-200|test-497|test-675,UP-AE,2024-08-22 18:04:46.845
Participant-154,test-388|test-497|test-149|test-200|test-859|test-675,UP-AE,2024-08-22 18:05:47.805
Participant-45,test-497|test-675|test-149|test-200|test-859|test-388,UP-AE,2024-08-22 18:23:32.261
Participant-240,test-149|test-497|test-388|test-859|test-675|test-200,UP-AE,2024-08-22 18:44:39.465
Participant-220,test-388|test-675|test-200|test-149|test-859|test-497,UP-AE,2024-08-22 18:46:42.849
Participant-142,test-149|test-497|test-200|test-388|test-675|test-859,UP-AE,2024-08-22 19:02:37.379
Participant-226,test-200|test-388|test-497|test-675|test-859|test-149,UP-AE,2024-08-22 19:15:20.606
Participant-111,test-149|test-200|test-675|test-497|test-388|test-859,UP-AE,2024-08-22 19:15:24.006
Participant-237,test-859|test-675|test-388|test-149|test-497|test-200,UP-AE,2024-08-22 19:55:19.524
Participant-153,test-200|test-675|test-497|test-859|test-388|test-149,UP-AE,2024-08-22 19:59:52.897
Participant-108,test-388|test-149|test-200|test-859|test-675|test-497,UP-AE,2024-08-22 19:28:48.204
Participant-50,test-497|test-859|test-675|test-200|test-149|test-388,UP-AE,2024-08-22 19:44:03.660
Participant-80,test-149|test-388|test-859|test-675|test-200|test-497,UP-AE,2024-08-22 20:12:40.742
Participant-116,test-859|test-497|test-200|test-675|test-388|test-149,UP-AE,2024-08-22 20:17:22.558
Participant-41,test-388|test-149|test-859|test-675|test-497|test-200,UP-AE,2024-08-22 20:37:17.202
Participant-156,test-200|test-675|test-859|test-388|test-497|test-149,UP-UE,2024-08-22 21:25:55.120
Participant-172,test-675|test-497|test-200|test-388|test-859|test-149,UP-UE,2024-08-22 21:26:40.108
Participant-9,test-497|test-388|test-859|test-149|test-675|test-200,UP-UE,2024-08-22 21:59:12.933
Participant-37,test-200|test-149|test-859|test-497|test-675|test-388,UP-UE,2024-08-22 22:12:06.235
Participant-55,test-859|test-149|test-497|test-675|test-388|test-200,UP-UE,2024-08-22 22:32:38.364
Participant-183,test-149|test-388|test-497|test-675|test-200|test-859,UP-UE,2024-08-22 22:37:02.225
Participant-216,test-497|test-859|test-675|test-149|test-388|test-200,UP-UE,2024-08-22 23:09:33.489
Participant-155,test-497|test-675|test-200|test-388|test-859|test-149,UP-UE,2024-08-22 23:12:07.908
Participant-4,test-675|test-388|test-859|test-149|test-497|test-200,UP-UE,2024-08-22 23:15:06.219
Participant-136,test-200|test-859|test-149|test-388|test-497|test-675,UP-UE,2024-08-22 23:46:04.969
Participant-97,test-200|test-859|test-149|test-497|test-675|test-388,UP-UE,2024-08-22 23:57:01.347
Participant-101,test-388|test-497|test-859|test-675|test-149|test-200,UP-UE,2024-08-23 00:08:52.603
Participant-81,test-149|test-859|test-388|test-497|test-675|test-200,UP-UE,2024-08-23 00:13:39.562
Participant-232,test-388|test-859|test-675|test-149|test-200|test-497,UP-UE,2024-08-23 00:16:22.799
Participant-236,test-859|test-388|test-497|test-675|test-149|test-200,UP-UE,2024-08-23 01:01:44.786
Participant-62,test-497|test-200|test-675|test-388|test-149|test-859,UP-UE,2024-08-23 01:38:32.141
Participant-93,test-675|test-149|test-200|test-388|test-497|test-859,UP-UE,2024-08-23 01:41:11.838
Participant-201,test-149|test-388|test-200|test-859|test-675|test-497,UP-UE,2024-08-23 02:51:54.447
Participant-130,test-149|test-859|test-675|test-497|test-388|test-200,UP-UE,2024-08-23 03:27:56.758
Participant-186,test-200|test-388|test-675|test-497|test-859|test-149,UP-UE,2024-08-23 04:23:15.920
Participant-66,test-497|test-388|test-200|test-675|test-149|test-859,UP-UE,2024-08-23 04:36:13.804
Participant-244,test-675|test-388|test-859|test-497|test-200|test-149,UP-UE,2024-08-23 04:47:27.512
Participant-210,test-200|test-149|test-497|test-859|test-388|test-675,UP-UE,2024-08-23 05:09:07.652
Participant-238,test-675|test-149|test-859|test-200|test-497|test-388,UP-UE,2024-08-23 05:16:06.232
Participant-119,test-149|test-675|test-388|test-200|test-859|test-497,UP-UE,2024-08-23 02:04:33.281
Participant-180,test-859|test-149|test-388|test-497|test-675|test-200,UP-UE,2024-08-23 02:52:10.499
Participant-24,test-149|test-675|test-497|test-388|test-200|test-859,UP-UE,2024-08-23 03:34:54.428
Participant-161,test-675|test-149|test-388|test-497|test-200|test-859,UP-UE,2024-08-23 04:15:30.731
Participant-42,test-859|test-200|test-149|test-497|test-388|test-675,UP-UE,2024-08-23 04:14:56.961
Participant-239,test-149|test-388|test-497|test-200|test-675|test-859,UP-UE,2024-08-23 05:33:10.629
Participant-243,test-859|test-149|test-497|test-388|test-200|test-675,UP-UE,2024-08-23 06:13:48.576
Participant-120,test-149|test-497|test-200|test-675|test-388|test-859,UP-UE,2024-08-23 06:21:38.099
Participant-162,test-675|test-200|test-388|test-859|test-497|test-149,UP-UE,2024-08-23 06:42:36.712
Participant-245,test-859|test-675|test-149|test-388|test-497|test-200,UP-UE,2024-08-23 06:44:04.041
Participant-67,test-497|test-149|test-388|test-200|test-859|test-675,UP-UE,2024-08-23 07:09:45.158
Participant-190,test-200|test-388|test-149|test-859|test-675|test-497,UP-UE,2024-08-23 07:26:12.902
Participant-92,test-859|test-149|test-200|test-675|test-388|test-497,UP-UE,2024-08-23 07:39:46.345
Participant-163,test-859|test-200|test-149|test-675|test-388|test-497,UP-UE,2024-08-23 07:57:19.584
Participant-124,test-200|test-497|test-859|test-149|test-675|test-388,UP-UE,2024-08-23 08:36:18.257
Participant-109,test-149|test-675|test-388|test-497|test-200|test-859,UP-UE,2024-08-23 08:36:39.410
Participant-56,test-149|test-200|test-859|test-675|test-497|test-388,UP-UE,2024-08-23 08:49:39.029
Participant-59,test-200|test-859|test-675|test-149|test-388|test-497,UP-UE,2024-08-23 09:01:21.346
Participant-148,test-859|test-149|test-675|test-497|test-388|test-200,UP-UE,2024-08-23 09:34:26.158
Participant-1,test-859|test-497|test-149|test-200|test-675|test-388,UP-UE,2024-08-23 10:18:48.162
Participant-77,test-497|test-388|test-200|test-149|test-675|test-859,UP-UE,2024-08-23 10:51:40.520
Participant-181,test-200|test-388|test-149|test-859|test-497|test-675,UP-UE,2024-08-23 11:26:32.687
Participant-53,test-675|test-388|test-859|test-497|test-149|test-200,UP-UE,2024-08-23 11:37:13.375
Participant-242,test-388|test-149|test-497|test-675|test-859|test-200,UP-UE,2024-08-23 12:19:33.410
Participant-2,test-388|test-675|test-497|test-859|test-149|test-200,UP-UE,2024-08-23 12:36:43.349
Participant-211,test-497|test-149|test-388|test-200|test-859|test-675,UP-UE,2024-08-23 13:10:24.219
Participant-83,test-149|test-388|test-497|test-675|test-200|test-859,UP-UE,2024-08-23 11:18:21.652
Participant-84,test-200|test-149|test-675|test-497|test-859|test-388,UP-UE,2024-08-23 12:38:19.553
Participant-23,test-200|test-859|test-497|test-149|test-675|test-388,UP-UE,2024-08-23 13:03:29.657
Participant-234,test-200|test-859|test-149|test-675|test-497|test-388,UP-UE,2024-08-23 14:01:46.727
Participant-173,test-388|test-859|test-675|test-200|test-149|test-497,UP-UE,2024-08-23 14:33:46.360
Participant-35,test-200|test-497|test-149|test-388|test-859|test-675,UP-UE,2024-08-23 14:38:30.987
Participant-20,test-149|test-388|test-200|test-675|test-497|test-859,UP-UE,2024-08-23 14:44:36.251
Participant-43,test-497|test-859|test-388|test-149|test-200|test-675,UP-UE,2024-08-23 15:06:48.723
Participant-113,test-149|test-388|test-859|test-675|test-497|test-200,UP-UE,2024-08-23 15:06:49.878
Participant-68,test-388|test-675|test-200|test-149|test-859|test-497,UP-UE,2024-08-23 15:56:02.570
